{
  "devices": [
    {
      "installationId": "82D9C984-6322-4B9F-A287-974E71C4DCBC",
      "lastUsed": 1745123004232
    },
    {
      "installationId": "0E786C67-C6D6-45BA-BB3F-449BAF6668A3",
      "lastUsed": 1745120330928
    },
    {
      "installationId": "D6B7F4F7-6CE7-4516-AF97-66F86B0F06F8",
      "lastUsed": 1745008622172
    },
    {
      "installationId": "B66C2B6C-0FA9-4D07-BEDF-FCB2D02D8640",
      "lastUsed": 1744395878672
    },
    {
      "installationId": "42A1EB13-9400-4A40-B138-ACC3E22D36B3",
      "lastUsed": 1744395253285
    },
    {
      "installationId": "38C6089D-EA80-417B-ADDB-2D1EF962D214",
      "lastUsed": 1744391574015
    },
    {
      "installationId": "D473E938-D414-485E-B813-E060EDF71470",
      "lastUsed": 1744390263608
    },
    {
      "installationId": "49991C29-F766-45F2-8CF8-1A6766A412A7",
      "lastUsed": 1744389065682
    },
    {
      "installationId": "ED5836BA-7BE1-4F7A-AA7F-B379707E4073",
      "lastUsed": 1744384549546
    },
    {
      "installationId": "9680045A-2DE1-409D-9DD1-584387631F3B",
      "lastUsed": 1744361204802
    }
  ]
}
